[
  {
    "registrasi_id": "258690da-c142-4b74-8a89-1d8c5a451b09",
    "jenis_pendaftaran_id": "1",
    "jenis_pendaftaran_id_str": "Siswa baru",
    "nipd": "222301066",
    "tanggal_masuk_sekolah": "2022-07-18",
    "sekolah_asal": "TK PELANGI",
    "peserta_didik_id": "e7993dd1-1651-40fd-958a-0054ff84fdff",
    "nama": "MUHAMMAD NAUFAL ATHAYA",
    "nisn": "3153292580",
    "jenis_kelamin": "L",
    "nik": "3376022206150005",
    "tempat_lahir": "TEGAL",
    "tanggal_lahir": "2015-06-22",
    "agama_id": 1,
    "agama_id_str": "Islam",
    "alamat_jalan": "JL. CERITA B NO.234",
    "nomor_telepon_rumah": null,
    "nomor_telepon_seluler": "081383080015",
    "nama_ayah": "TRI RIO NOVIANTO",
    "pekerjaan_ayah_id": 9,
    "pekerjaan_ayah_id_str": "Wiraswasta",
    "nama_ibu": "RENI LIANTI",
    "pekerjaan_ibu_id": 9,
    "pekerjaan_ibu_id_str": "Wiraswasta",
    "nama_wali": null,
    "pekerjaan_wali_id": 0,
    "pekerjaan_wali_id_str": "",
    "anak_keberapa": "2",
    "email": null,
    "semester_id": "20231",
    "anggota_rombel_id": "da94c0c7-6130-4704-b9d7-e0fcf33d28e5",
    "rombongan_belajar_id": "131a7eb4-2634-4812-8e38-cdbceac4ffab",
    "tingkat_pendidikan_id": "2",
    "nama_rombel": "2C",
    "kurikulum_id": 10111,
    "kurikulum_id_str": "Kurikulum SD Merdeka",
    "kebutuhan_khusus": "Tidak ada"
  },
  {
    "registrasi_id": "c6653dd3-a449-4184-8277-f25ee94401bd",
    "jenis_pendaftaran_id": "1",
    "jenis_pendaftaran_id_str": "Siswa baru",
    "nipd": "222310273",
    "tanggal_masuk_sekolah": "2022-07-18",
    "sekolah_asal": "SMP NEGERI 23 BEKASI",
    "peserta_didik_id": "d9be3fe4-3cd4-410d-aac1-0111673d1adb",
    "nama": "MUHAMMAD DAFA AZZIDAN",
    "nisn": "0075109509",
    "jenis_kelamin": "L",
    "nik": "3275092605070001",
    "tempat_lahir": "BEKASI",
    "tanggal_lahir": "2007-05-26",
    "agama_id": 1,
    "agama_id_str": "Islam",
    "alamat_jalan": "Jl. H.Sibun RT. 002/004",
    "nomor_telepon_rumah": "",
    "nomor_telepon_seluler": "0895384157219",
    "nama_ayah": "julian",
    "pekerjaan_ayah_id": 9,
    "pekerjaan_ayah_id_str": "Wiraswasta",
    "nama_ibu": "JULIANITA",
    "pekerjaan_ibu_id": 1,
    "pekerjaan_ibu_id_str": "Tidak bekerja",
    "nama_wali": "",
    "pekerjaan_wali_id": 1,
    "pekerjaan_wali_id_str": "Tidak bekerja",
    "anak_keberapa": "1",
    "tinggi_badan": "170",
    "berat_badan": "60",
    "email": "",
    "semester_id": "20231",
    "anggota_rombel_id": "960a0e69-fcba-45c1-8a45-5bc6b7070da6",
    "rombongan_belajar_id": "609ddaf7-ae7c-4961-a4f7-48058ec69d56",
    "tingkat_pendidikan_id": "11",
    "nama_rombel": "XI TKI B",
    "kurikulum_id": 389,
    "kurikulum_id_str": "SMK 2013 REV. Kimia Industri",
    "kebutuhan_khusus": "Tidak ada"
  }
]
